username,email,first_name,last_name
alice,alice@example.com,Alice,Smith
bob,bob@example.com,Bob,Jones
charlie,charlie@example.com,Charlie,Brown
diana,diana@example.com,Diana,Prince
edward,edward@example.com,Edward,Rogers
fiona,fiona@example.com,Fiona,Glenanne